{"cameraMode":{"drawMode":0,"name":"Shaded","section":"Shading Mode"},"sceneLighting":true,"audioPlay":false,"sceneViewState":{"m_AlwaysRefresh":false,"showFog":true,"showSkybox":true,"showFlares":true,"showImageEffects":true,"showParticleSystems":true,"showVisualEffectGraphs":true,"m_FxEnabled":true},"in2DMode":false,"pivot":{"x":8.965530395507813,"y":13.237789154052735,"z":-0.17737579345703126},"rotation":{"x":0.06295663863420487,"y":0.0074852341786026958,"z":-0.0004722934972960502,"w":0.9979895949363709},"size":34.018131256103519,"orthographic":false}